,duration
1,2 Seasons
2,1 Season
3,1 Season
4,2 Seasons
5,1 Season
8,9 Seasons
10,1 Season
11,1 Season
14,1 Season
15,4 Seasons
17,2 Seasons
19,1 Season
20,1 Season
21,5 Seasons
25,2 Seasons
31,1 Season
32,3 Seasons
33,1 Season
34,1 Season
37,1 Season
39,3 Seasons
40,1 Season
47,1 Season
49,2 Seasons
50,1 Season
55,6 Seasons
65,6 Seasons
66,1 Season
67,9 Seasons
69,1 Season
70,1 Season
72,5 Seasons
74,2 Seasons
76,1 Season
82,6 Seasons
83,1 Season
85,1 Season
87,2 Seasons
89,4 Seasons
92,2 Seasons
95,3 Seasons
97,2 Seasons
98,1 Season
99,1 Season
100,2 Seasons
102,1 Season
104,2 Seasons
106,5 Seasons
108,1 Season
109,5 Seasons
110,1 Season
111,1 Season
120,1 Season
121,1 Season
123,1 Season
124,3 Seasons
125,1 Season
132,1 Season
147,1 Season
148,1 Season
153,2 Seasons
154,3 Seasons
160,4 Seasons
165,1 Season
181,1 Season
184,1 Season
186,1 Season
187,1 Season
189,2 Seasons
193,1 Season
194,1 Season
197,1 Season
198,1 Season
212,2 Seasons
213,3 Seasons
218,1 Season
219,1 Season
220,4 Seasons
222,1 Season
223,1 Season
224,1 Season
225,1 Season
226,1 Season
232,3 Seasons
234,1 Season
241,3 Seasons
242,1 Season
243,1 Season
245,1 Season
248,1 Season
254,5 Seasons
260,1 Season
263,2 Seasons
265,1 Season
266,1 Season
269,2 Seasons
271,1 Season
272,5 Seasons
273,1 Season
274,7 Seasons
275,1 Season
276,2 Seasons
277,1 Season
280,1 Season
286,2 Seasons
287,1 Season
288,1 Season
289,1 Season
291,1 Season
296,1 Season
297,1 Season
309,3 Seasons
310,1 Season
311,2 Seasons
312,1 Season
313,1 Season
316,1 Season
319,1 Season
320,1 Season
321,1 Season
322,1 Season
323,7 Seasons
324,3 Seasons
331,1 Season
336,5 Seasons
338,6 Seasons
361,3 Seasons
364,1 Season
366,3 Seasons
368,1 Season
369,1 Season
370,2 Seasons
376,1 Season
379,1 Season
380,7 Seasons
381,1 Season
382,3 Seasons
385,3 Seasons
386,4 Seasons
388,1 Season
390,10 Seasons
391,4 Seasons
397,1 Season
399,1 Season
400,1 Season
401,2 Seasons
403,2 Seasons
425,5 Seasons
430,1 Season
431,1 Season
434,1 Season
435,1 Season
440,3 Seasons
442,1 Season
444,1 Season
453,2 Seasons
456,1 Season
459,2 Seasons
465,1 Season
466,1 Season
472,1 Season
477,4 Seasons
478,2 Seasons
482,1 Season
487,1 Season
488,3 Seasons
490,1 Season
493,1 Season
497,1 Season
499,2 Seasons
503,2 Seasons
504,1 Season
509,3 Seasons
510,2 Seasons
511,2 Seasons
512,4 Seasons
513,3 Seasons
514,5 Seasons
515,2 Seasons
516,2 Seasons
517,2 Seasons
519,2 Seasons
520,2 Seasons
521,5 Seasons
522,3 Seasons
523,3 Seasons
524,2 Seasons
525,8 Seasons
526,7 Seasons
527,2 Seasons
530,2 Seasons
532,3 Seasons
533,3 Seasons
535,2 Seasons
536,3 Seasons
537,6 Seasons
538,2 Seasons
539,2 Seasons
540,4 Seasons
543,2 Seasons
544,5 Seasons
545,3 Seasons
546,1 Season
547,1 Season
548,17 Seasons
549,1 Season
553,2 Seasons
565,1 Season
571,1 Season
577,1 Season
587,1 Season
588,1 Season
590,3 Seasons
617,1 Season
620,1 Season
621,1 Season
625,1 Season
626,1 Season
627,1 Season
628,4 Seasons
631,5 Seasons
637,1 Season
638,1 Season
639,1 Season
640,1 Season
642,2 Seasons
647,1 Season
648,2 Seasons
653,1 Season
657,2 Seasons
658,1 Season
659,1 Season
660,4 Seasons
661,4 Seasons
662,1 Season
663,1 Season
664,2 Seasons
665,2 Seasons
666,1 Season
667,6 Seasons
668,3 Seasons
669,5 Seasons
673,1 Season
674,2 Seasons
675,1 Season
676,4 Seasons
677,6 Seasons
678,1 Season
679,1 Season
680,1 Season
681,1 Season
682,1 Season
684,4 Seasons
686,2 Seasons
691,1 Season
692,1 Season
696,2 Seasons
697,1 Season
699,1 Season
700,1 Season
703,3 Seasons
706,1 Season
707,1 Season
709,3 Seasons
710,1 Season
713,1 Season
714,1 Season
715,1 Season
719,1 Season
720,2 Seasons
723,1 Season
725,1 Season
726,1 Season
731,2 Seasons
733,2 Seasons
734,2 Seasons
737,1 Season
744,1 Season
748,1 Season
749,2 Seasons
751,2 Seasons
753,1 Season
758,2 Seasons
761,1 Season
763,1 Season
767,1 Season
771,1 Season
772,2 Seasons
778,1 Season
780,2 Seasons
785,3 Seasons
789,6 Seasons
795,3 Seasons
803,1 Season
805,1 Season
813,1 Season
820,3 Seasons
825,2 Seasons
830,3 Seasons
831,2 Seasons
832,1 Season
833,1 Season
835,1 Season
837,2 Seasons
842,1 Season
843,3 Seasons
847,1 Season
848,3 Seasons
855,3 Seasons
857,2 Seasons
862,2 Seasons
868,1 Season
869,2 Seasons
874,1 Season
876,1 Season
879,1 Season
880,3 Seasons
883,2 Seasons
884,1 Season
886,1 Season
890,4 Seasons
896,1 Season
897,1 Season
900,1 Season
902,1 Season
908,1 Season
911,2 Seasons
918,1 Season
919,1 Season
920,2 Seasons
921,3 Seasons
923,2 Seasons
925,2 Seasons
927,2 Seasons
936,1 Season
957,1 Season
960,1 Season
963,2 Seasons
965,1 Season
967,1 Season
968,1 Season
972,1 Season
988,1 Season
993,1 Season
997,1 Season
1003,1 Season
1004,2 Seasons
1012,2 Seasons
1014,3 Seasons
1025,1 Season
1032,1 Season
1038,1 Season
1040,1 Season
1042,1 Season
1043,7 Seasons
1044,1 Season
1045,1 Season
1047,1 Season
1048,3 Seasons
1049,1 Season
1051,2 Seasons
1056,1 Season
1057,1 Season
1058,1 Season
1059,6 Seasons
1060,1 Season
1061,1 Season
1062,1 Season
1063,1 Season
1064,1 Season
1065,3 Seasons
1067,1 Season
1068,1 Season
1075,1 Season
1079,1 Season
1081,4 Seasons
1082,1 Season
1084,1 Season
1091,1 Season
1093,2 Seasons
1094,1 Season
1095,1 Season
1116,1 Season
1123,2 Seasons
1125,2 Seasons
1127,2 Seasons
1129,2 Seasons
1143,1 Season
1146,1 Season
1148,2 Seasons
1149,1 Season
1152,1 Season
1158,4 Seasons
1163,1 Season
1166,1 Season
1168,1 Season
1169,1 Season
1173,6 Seasons
1174,1 Season
1179,4 Seasons
1180,2 Seasons
1181,1 Season
1182,3 Seasons
1186,2 Seasons
1196,1 Season
1200,1 Season
1201,1 Season
1205,1 Season
1206,1 Season
1210,2 Seasons
1213,3 Seasons
1217,1 Season
1223,1 Season
1224,1 Season
1225,1 Season
1226,1 Season
1227,1 Season
1229,1 Season
1231,1 Season
1234,1 Season
1235,4 Seasons
1238,1 Season
1242,1 Season
1245,5 Seasons
1246,1 Season
1257,1 Season
1268,1 Season
1270,3 Seasons
1271,1 Season
1272,1 Season
1274,1 Season
1275,1 Season
1277,2 Seasons
1282,1 Season
1285,1 Season
1293,1 Season
1294,1 Season
1296,1 Season
1298,1 Season
1299,1 Season
1300,1 Season
1301,1 Season
1302,4 Seasons
1306,3 Seasons
1308,4 Seasons
1310,1 Season
1313,1 Season
1314,2 Seasons
1317,1 Season
1320,1 Season
1321,1 Season
1328,1 Season
1331,1 Season
1332,2 Seasons
1335,3 Seasons
1338,2 Seasons
1339,1 Season
1348,1 Season
1349,1 Season
1350,2 Seasons
1352,2 Seasons
1354,13 Seasons
1355,1 Season
1356,1 Season
1360,1 Season
1361,1 Season
1362,7 Seasons
1363,2 Seasons
1365,2 Seasons
1371,1 Season
1373,1 Season
1375,2 Seasons
1377,4 Seasons
1380,1 Season
1383,2 Seasons
1384,3 Seasons
1385,1 Season
1392,1 Season
1394,1 Season
1395,4 Seasons
1400,1 Season
1401,4 Seasons
1402,3 Seasons
1404,3 Seasons
1408,5 Seasons
1416,1 Season
1419,4 Seasons
1427,5 Seasons
1429,1 Season
1430,1 Season
1432,2 Seasons
1437,1 Season
1439,1 Season
1440,3 Seasons
1442,1 Season
1443,1 Season
1448,3 Seasons
1449,2 Seasons
1455,1 Season
1457,1 Season
1460,2 Seasons
1462,1 Season
1463,1 Season
1465,2 Seasons
1473,4 Seasons
1476,1 Season
1477,1 Season
1478,1 Season
1479,1 Season
1480,9 Seasons
1482,1 Season
1483,1 Season
1487,1 Season
1489,2 Seasons
1492,1 Season
1503,1 Season
1505,1 Season
1506,2 Seasons
1508,1 Season
1514,1 Season
1516,2 Seasons
1520,1 Season
1527,2 Seasons
1528,1 Season
1530,1 Season
1532,1 Season
1533,1 Season
1535,1 Season
1538,1 Season
1539,1 Season
1541,1 Season
1543,2 Seasons
1545,2 Seasons
1546,2 Seasons
1547,2 Seasons
1548,2 Seasons
1551,2 Seasons
1552,1 Season
1554,1 Season
1555,2 Seasons
1559,1 Season
1562,1 Season
1564,1 Season
1569,4 Seasons
1570,1 Season
1572,2 Seasons
1573,3 Seasons
1574,1 Season
1578,1 Season
1579,3 Seasons
1583,1 Season
1585,1 Season
1586,1 Season
1587,1 Season
1589,1 Season
1590,4 Seasons
1593,1 Season
1596,3 Seasons
1603,1 Season
1605,2 Seasons
1611,2 Seasons
1614,1 Season
1615,2 Seasons
1618,4 Seasons
1619,1 Season
1622,10 Seasons
1623,1 Season
1625,1 Season
1627,1 Season
1628,1 Season
1634,1 Season
1638,1 Season
1639,7 Seasons
1640,1 Season
1641,2 Seasons
1649,2 Seasons
1654,1 Season
1658,1 Season
1661,1 Season
1667,3 Seasons
1668,1 Season
1670,1 Season
1672,1 Season
1684,1 Season
1687,4 Seasons
1688,1 Season
1692,2 Seasons
1693,1 Season
1696,2 Seasons
1697,2 Seasons
1698,4 Seasons
1701,9 Seasons
1706,1 Season
1708,1 Season
1711,1 Season
1715,1 Season
1716,1 Season
1717,1 Season
1718,1 Season
1721,1 Season
1722,1 Season
1723,1 Season
1724,1 Season
1726,1 Season
1730,1 Season
1733,1 Season
1737,1 Season
1740,1 Season
1746,2 Seasons
1748,1 Season
1750,6 Seasons
1754,1 Season
1755,3 Seasons
1756,1 Season
1757,1 Season
1758,2 Seasons
1759,10 Seasons
1760,1 Season
1765,4 Seasons
1766,1 Season
1769,2 Seasons
1771,1 Season
1773,1 Season
1778,2 Seasons
1779,7 Seasons
1781,4 Seasons
1782,3 Seasons
1790,1 Season
1791,4 Seasons
1794,1 Season
1799,1 Season
1800,1 Season
1803,1 Season
1804,1 Season
1813,3 Seasons
1828,2 Seasons
1834,1 Season
1837,1 Season
1839,1 Season
1840,1 Season
1841,3 Seasons
1847,4 Seasons
1848,4 Seasons
1851,5 Seasons
1852,2 Seasons
1854,1 Season
1860,1 Season
1864,3 Seasons
1868,1 Season
1873,1 Season
1875,1 Season
1877,1 Season
1878,7 Seasons
1880,1 Season
1885,1 Season
1889,1 Season
1890,1 Season
1893,1 Season
1894,1 Season
1895,3 Seasons
1906,1 Season
1907,1 Season
1908,2 Seasons
1910,1 Season
1914,1 Season
1915,1 Season
1917,1 Season
1918,3 Seasons
1922,5 Seasons
1923,1 Season
1925,1 Season
1928,3 Seasons
1929,4 Seasons
1933,8 Seasons
1947,1 Season
1948,4 Seasons
1949,4 Seasons
1951,1 Season
1952,3 Seasons
1954,1 Season
1955,1 Season
1958,4 Seasons
1961,1 Season
1973,1 Season
1978,1 Season
1979,1 Season
1980,7 Seasons
1983,1 Season
1988,1 Season
1989,3 Seasons
1990,1 Season
1991,2 Seasons
1993,2 Seasons
1994,1 Season
1998,9 Seasons
2002,2 Seasons
2006,2 Seasons
2008,2 Seasons
2009,8 Seasons
2012,1 Season
2013,1 Season
2021,5 Seasons
2022,1 Season
2032,1 Season
2033,1 Season
2037,1 Season
2040,2 Seasons
2042,1 Season
2044,1 Season
2047,2 Seasons
2053,1 Season
2054,1 Season
2058,1 Season
2062,2 Seasons
2063,1 Season
2064,3 Seasons
2066,1 Season
2068,1 Season
2069,4 Seasons
2070,1 Season
2073,6 Seasons
2078,1 Season
2080,2 Seasons
2085,1 Season
2086,1 Season
2089,3 Seasons
2093,1 Season
2096,1 Season
2098,1 Season
2099,2 Seasons
2101,1 Season
2102,1 Season
2105,1 Season
2106,3 Seasons
2108,1 Season
2112,1 Season
2113,1 Season
2118,2 Seasons
2122,2 Seasons
2123,1 Season
2124,5 Seasons
2125,2 Seasons
2127,4 Seasons
2133,1 Season
2134,1 Season
2135,4 Seasons
2136,1 Season
2140,1 Season
2144,1 Season
2145,2 Seasons
2148,1 Season
2151,3 Seasons
2152,3 Seasons
2153,1 Season
2156,1 Season
2157,1 Season
2158,1 Season
2160,5 Seasons
2162,3 Seasons
2165,1 Season
2168,1 Season
2170,1 Season
2173,6 Seasons
2174,1 Season
2175,1 Season
2178,1 Season
2180,1 Season
2181,2 Seasons
2184,1 Season
2189,3 Seasons
2190,2 Seasons
2192,1 Season
2194,1 Season
2201,5 Seasons
2203,10 Seasons
2212,1 Season
2214,1 Season
2217,1 Season
2218,3 Seasons
2222,1 Season
2223,1 Season
2225,1 Season
2226,1 Season
2227,1 Season
2229,2 Seasons
2230,1 Season
2235,1 Season
2237,1 Season
2238,2 Seasons
2241,1 Season
2245,1 Season
2246,1 Season
2249,1 Season
2251,1 Season
2253,1 Season
2254,4 Seasons
2255,1 Season
2258,1 Season
2275,1 Season
2292,2 Seasons
2293,6 Seasons
2297,1 Season
2298,1 Season
2299,1 Season
2301,1 Season
2303,1 Season
2305,1 Season
2306,1 Season
2307,1 Season
2313,1 Season
2318,1 Season
2320,1 Season
2322,1 Season
2327,3 Seasons
2329,1 Season
2331,1 Season
2337,1 Season
2343,1 Season
2346,2 Seasons
2349,1 Season
2352,2 Seasons
2357,1 Season
2359,2 Seasons
2362,2 Seasons
2378,2 Seasons
2383,2 Seasons
2388,4 Seasons
2390,6 Seasons
2394,2 Seasons
2395,4 Seasons
2396,1 Season
2399,4 Seasons
2400,1 Season
2401,1 Season
2404,1 Season
2405,5 Seasons
2406,1 Season
2408,1 Season
2409,1 Season
2415,4 Seasons
2417,4 Seasons
2422,5 Seasons
2423,15 Seasons
2426,3 Seasons
2432,1 Season
2444,2 Seasons
2447,1 Season
2449,1 Season
2450,3 Seasons
2452,1 Season
2453,1 Season
2459,1 Season
2461,2 Seasons
2462,1 Season
2466,4 Seasons
2470,5 Seasons
2472,1 Season
2473,3 Seasons
2476,1 Season
2480,2 Seasons
2486,1 Season
2495,1 Season
2499,1 Season
2507,1 Season
2508,1 Season
2514,1 Season
2515,6 Seasons
2517,1 Season
2518,1 Season
2519,3 Seasons
2522,1 Season
2523,6 Seasons
2524,3 Seasons
2525,1 Season
2526,5 Seasons
2527,1 Season
2528,1 Season
2529,2 Seasons
2530,1 Season
2542,1 Season
2546,3 Seasons
2548,1 Season
2551,2 Seasons
2552,2 Seasons
2553,1 Season
2554,2 Seasons
2557,2 Seasons
2565,1 Season
2568,1 Season
2569,1 Season
2574,1 Season
2575,1 Season
2580,1 Season
2583,4 Seasons
2585,3 Seasons
2586,1 Season
2588,1 Season
2590,1 Season
2598,1 Season
2599,7 Seasons
2600,5 Seasons
2602,1 Season
2603,1 Season
2606,1 Season
2609,1 Season
2611,2 Seasons
2627,1 Season
2628,4 Seasons
2631,1 Season
2639,1 Season
2640,2 Seasons
2641,1 Season
2643,1 Season
2645,1 Season
2648,3 Seasons
2651,1 Season
2657,1 Season
2658,5 Seasons
2659,1 Season
2660,1 Season
2661,1 Season
2662,1 Season
2664,1 Season
2665,1 Season
2666,1 Season
2669,2 Seasons
2670,1 Season
2675,2 Seasons
2676,3 Seasons
2684,1 Season
2691,1 Season
2696,1 Season
2698,2 Seasons
2699,1 Season
2708,2 Seasons
2710,2 Seasons
2718,6 Seasons
2727,1 Season
2736,3 Seasons
2739,3 Seasons
2740,6 Seasons
2742,2 Seasons
2743,1 Season
2746,3 Seasons
2748,2 Seasons
2751,1 Season
2752,1 Season
2759,1 Season
2761,1 Season
2764,2 Seasons
2765,1 Season
2767,3 Seasons
2772,1 Season
2774,2 Seasons
2777,1 Season
2783,1 Season
2784,1 Season
2785,2 Seasons
2787,2 Seasons
2788,2 Seasons
2790,4 Seasons
2791,1 Season
2792,1 Season
2793,1 Season
2794,1 Season
2795,1 Season
2797,1 Season
2802,1 Season
2804,1 Season
2807,1 Season
2808,1 Season
2813,1 Season
2816,1 Season
2818,1 Season
2821,2 Seasons
2824,1 Season
2825,2 Seasons
2826,3 Seasons
2827,1 Season
2838,2 Seasons
2841,1 Season
2846,4 Seasons
2854,1 Season
2855,3 Seasons
2857,1 Season
2868,2 Seasons
2870,1 Season
2871,1 Season
2872,1 Season
2874,2 Seasons
2875,1 Season
2877,1 Season
2880,1 Season
2883,1 Season
2888,1 Season
2890,1 Season
2891,1 Season
2892,1 Season
2893,1 Season
2894,1 Season
2900,1 Season
2902,1 Season
2906,1 Season
2910,1 Season
2917,1 Season
2920,1 Season
2921,2 Seasons
2922,1 Season
2923,1 Season
2926,2 Seasons
2931,4 Seasons
2937,2 Seasons
2938,2 Seasons
2941,1 Season
2942,1 Season
2944,1 Season
2945,1 Season
2947,8 Seasons
2948,1 Season
2953,3 Seasons
2958,1 Season
2959,1 Season
2962,5 Seasons
2965,1 Season
2966,1 Season
2967,1 Season
2971,2 Seasons
2974,1 Season
2976,2 Seasons
2977,1 Season
2979,1 Season
2980,1 Season
2982,1 Season
2983,1 Season
2984,1 Season
2991,1 Season
2992,2 Seasons
2993,1 Season
2994,8 Seasons
2997,1 Season
2998,2 Seasons
2999,1 Season
3000,1 Season
3001,1 Season
3005,1 Season
3010,1 Season
3011,4 Seasons
3012,1 Season
3013,2 Seasons
3015,1 Season
3020,1 Season
3024,1 Season
3028,1 Season
3030,1 Season
3033,1 Season
3034,1 Season
3035,4 Seasons
3036,1 Season
3037,1 Season
3039,2 Seasons
3040,1 Season
3042,1 Season
3045,1 Season
3047,3 Seasons
3049,1 Season
3050,1 Season
3052,1 Season
3053,1 Season
3055,1 Season
3056,1 Season
3063,1 Season
3065,1 Season
3066,2 Seasons
3067,1 Season
3071,1 Season
3074,1 Season
3075,1 Season
3076,1 Season
3079,1 Season
3082,3 Seasons
3083,1 Season
3084,1 Season
3085,2 Seasons
3086,2 Seasons
3087,1 Season
3088,1 Season
3092,1 Season
3095,1 Season
3096,2 Seasons
3103,2 Seasons
3106,2 Seasons
3108,6 Seasons
3111,1 Season
3117,1 Season
3119,1 Season
3120,2 Seasons
3121,1 Season
3122,1 Season
3127,1 Season
3128,2 Seasons
3129,1 Season
3130,1 Season
3137,1 Season
3146,2 Seasons
3148,3 Seasons
3165,1 Season
3168,5 Seasons
3173,1 Season
3174,2 Seasons
3175,1 Season
3176,1 Season
3177,1 Season
3182,1 Season
3183,2 Seasons
3184,1 Season
3185,1 Season
3187,1 Season
3192,4 Seasons
3199,2 Seasons
3204,1 Season
3208,2 Seasons
3212,2 Seasons
3216,1 Season
3219,1 Season
3220,1 Season
3221,1 Season
3222,1 Season
3230,2 Seasons
3232,1 Season
3236,1 Season
3238,1 Season
3241,2 Seasons
3242,1 Season
3243,1 Season
3245,1 Season
3246,3 Seasons
3247,8 Seasons
3249,1 Season
3252,1 Season
3255,1 Season
3257,1 Season
3258,1 Season
3263,1 Season
3269,1 Season
3270,1 Season
3271,2 Seasons
3274,1 Season
3275,2 Seasons
3276,1 Season
3277,1 Season
3279,1 Season
3281,1 Season
3282,3 Seasons
3283,2 Seasons
3284,1 Season
3286,1 Season
3287,1 Season
3288,2 Seasons
3291,1 Season
3293,3 Seasons
3294,1 Season
3295,1 Season
3298,2 Seasons
3301,1 Season
3304,2 Seasons
3306,2 Seasons
3310,3 Seasons
3313,1 Season
3316,1 Season
3325,3 Seasons
3327,1 Season
3328,1 Season
3330,4 Seasons
3333,2 Seasons
3336,2 Seasons
3339,2 Seasons
3340,1 Season
3341,2 Seasons
3342,1 Season
3344,2 Seasons
3345,3 Seasons
3351,1 Season
3352,1 Season
3355,2 Seasons
3356,1 Season
3357,1 Season
3358,1 Season
3360,1 Season
3361,1 Season
3363,1 Season
3367,1 Season
3368,1 Season
3369,6 Seasons
3370,1 Season
3373,1 Season
3375,1 Season
3377,1 Season
3378,1 Season
3381,1 Season
3382,1 Season
3385,1 Season
3393,1 Season
3400,1 Season
3401,2 Seasons
3403,1 Season
3404,1 Season
3406,2 Seasons
3410,2 Seasons
3414,2 Seasons
3415,1 Season
3416,1 Season
3420,1 Season
3423,1 Season
3426,1 Season
3430,2 Seasons
3433,2 Seasons
3435,1 Season
3437,1 Season
3440,1 Season
3444,1 Season
3445,1 Season
3449,2 Seasons
3452,5 Seasons
3453,1 Season
3454,2 Seasons
3455,3 Seasons
3457,1 Season
3458,1 Season
3461,1 Season
3462,1 Season
3463,1 Season
3464,1 Season
3466,1 Season
3467,1 Season
3470,1 Season
3473,1 Season
3474,1 Season
3477,5 Seasons
3481,1 Season
3483,3 Seasons
3488,1 Season
3489,2 Seasons
3491,3 Seasons
3499,1 Season
3501,1 Season
3502,1 Season
3503,1 Season
3504,2 Seasons
3505,1 Season
3506,1 Season
3510,1 Season
3515,1 Season
3519,1 Season
3521,1 Season
3524,1 Season
3525,1 Season
3526,1 Season
3527,1 Season
3534,1 Season
3539,1 Season
3540,3 Seasons
3541,9 Seasons
3543,1 Season
3546,1 Season
3550,1 Season
3551,1 Season
3552,1 Season
3553,3 Seasons
3558,2 Seasons
3561,3 Seasons
3562,2 Seasons
3571,1 Season
3575,1 Season
3576,1 Season
3577,1 Season
3578,1 Season
3579,1 Season
3581,2 Seasons
3585,1 Season
3587,1 Season
3588,1 Season
3589,2 Seasons
3590,1 Season
3592,1 Season
3597,2 Seasons
3598,1 Season
3600,3 Seasons
3601,5 Seasons
3604,1 Season
3605,1 Season
3606,1 Season
3607,1 Season
3608,5 Seasons
3609,1 Season
3610,1 Season
3611,1 Season
3612,1 Season
3613,1 Season
3614,1 Season
3615,1 Season
3624,2 Seasons
3627,1 Season
3632,1 Season
3633,2 Seasons
3636,1 Season
3640,2 Seasons
3642,1 Season
3644,3 Seasons
3651,1 Season
3653,6 Seasons
3654,3 Seasons
3655,1 Season
3656,1 Season
3659,3 Seasons
3660,1 Season
3663,1 Season
3664,1 Season
3665,1 Season
3666,1 Season
3667,2 Seasons
3669,3 Seasons
3671,1 Season
3673,1 Season
3674,1 Season
3677,1 Season
3680,3 Seasons
3682,1 Season
3684,2 Seasons
3685,3 Seasons
3686,1 Season
3687,2 Seasons
3688,1 Season
3689,1 Season
3690,1 Season
3691,1 Season
3692,2 Seasons
3694,1 Season
3695,1 Season
3696,1 Season
3700,2 Seasons
3702,3 Seasons
3704,1 Season
3705,2 Seasons
3707,2 Seasons
3708,3 Seasons
3710,1 Season
3716,2 Seasons
3719,1 Season
3721,2 Seasons
3722,2 Seasons
3723,2 Seasons
3724,1 Season
3725,3 Seasons
3726,2 Seasons
3727,2 Seasons
3736,2 Seasons
3737,1 Season
3741,1 Season
3742,1 Season
3743,1 Season
3744,1 Season
3745,1 Season
3746,2 Seasons
3748,2 Seasons
3749,5 Seasons
3750,1 Season
3751,2 Seasons
3752,3 Seasons
3754,1 Season
3755,1 Season
3760,1 Season
3762,3 Seasons
3769,1 Season
3770,1 Season
3774,5 Seasons
3778,3 Seasons
3779,1 Season
3780,1 Season
3782,1 Season
3784,2 Seasons
3787,2 Seasons
3789,1 Season
3792,1 Season
3794,1 Season
3796,1 Season
3799,2 Seasons
3801,1 Season
3806,2 Seasons
3807,2 Seasons
3808,1 Season
3812,1 Season
3817,2 Seasons
3821,1 Season
3823,1 Season
3824,1 Season
3826,1 Season
3831,1 Season
3835,3 Seasons
3837,1 Season
3838,2 Seasons
3839,1 Season
3840,1 Season
3843,1 Season
3844,1 Season
3845,1 Season
3846,1 Season
3847,1 Season
3848,1 Season
3849,1 Season
3850,1 Season
3851,1 Season
3852,1 Season
3853,1 Season
3854,1 Season
3855,1 Season
3856,1 Season
3860,1 Season
3861,2 Seasons
3864,1 Season
3867,1 Season
3870,2 Seasons
3876,1 Season
3878,1 Season
3879,1 Season
3880,1 Season
3881,1 Season
3882,1 Season
3883,1 Season
3884,3 Seasons
3886,5 Seasons
3887,1 Season
3892,1 Season
3893,1 Season
3897,1 Season
3898,1 Season
3900,1 Season
3901,1 Season
3902,2 Seasons
3920,4 Seasons
3925,1 Season
3927,7 Seasons
3928,1 Season
3931,1 Season
3934,1 Season
3936,3 Seasons
3937,2 Seasons
3938,1 Season
3940,1 Season
3941,1 Season
3942,3 Seasons
3943,8 Seasons
3944,1 Season
3946,1 Season
3949,1 Season
3953,1 Season
3956,1 Season
3958,1 Season
3961,1 Season
3964,1 Season
3965,3 Seasons
3968,1 Season
3969,1 Season
3970,3 Seasons
3971,2 Seasons
3976,1 Season
3979,1 Season
3980,1 Season
3981,1 Season
3984,1 Season
3986,2 Seasons
3988,1 Season
3989,1 Season
3996,1 Season
3998,1 Season
4001,1 Season
4006,1 Season
4012,1 Season
4014,2 Seasons
4015,1 Season
4016,1 Season
4022,1 Season
4023,1 Season
4026,1 Season
4027,1 Season
4028,3 Seasons
4029,1 Season
4030,1 Season
4032,1 Season
4035,1 Season
4042,1 Season
4043,2 Seasons
4044,1 Season
4054,1 Season
4055,2 Seasons
4056,1 Season
4057,1 Season
4063,3 Seasons
4079,1 Season
4084,6 Seasons
4089,2 Seasons
4090,2 Seasons
4104,1 Season
4105,1 Season
4109,1 Season
4111,1 Season
4114,3 Seasons
4116,2 Seasons
4118,1 Season
4119,2 Seasons
4122,3 Seasons
4125,1 Season
4126,1 Season
4127,1 Season
4129,1 Season
4130,1 Season
4131,1 Season
4132,1 Season
4141,2 Seasons
4142,1 Season
4143,1 Season
4144,1 Season
4149,1 Season
4162,1 Season
4163,5 Seasons
4166,1 Season
4167,4 Seasons
4168,1 Season
4171,1 Season
4172,1 Season
4174,1 Season
4178,2 Seasons
4179,1 Season
4183,3 Seasons
4184,1 Season
4189,1 Season
4196,1 Season
4199,1 Season
4200,2 Seasons
4201,4 Seasons
4202,2 Seasons
4206,4 Seasons
4207,1 Season
4215,1 Season
4216,1 Season
4218,3 Seasons
4220,13 Seasons
4226,2 Seasons
4227,1 Season
4250,1 Season
4251,1 Season
4254,1 Season
4256,1 Season
4257,1 Season
4260,1 Season
4261,1 Season
4262,1 Season
4263,1 Season
4264,5 Seasons
4265,1 Season
4266,1 Season
4269,1 Season
4270,2 Seasons
4271,1 Season
4272,1 Season
4273,1 Season
4274,1 Season
4276,1 Season
4279,2 Seasons
4284,1 Season
4288,1 Season
4290,1 Season
4296,2 Seasons
4304,1 Season
4305,1 Season
4307,1 Season
4308,1 Season
4309,1 Season
4310,3 Seasons
4311,8 Seasons
4312,1 Season
4316,1 Season
4320,2 Seasons
4321,1 Season
4326,2 Seasons
4327,1 Season
4340,1 Season
4350,1 Season
4353,1 Season
4356,1 Season
4359,2 Seasons
4362,1 Season
4363,1 Season
4365,3 Seasons
4366,1 Season
4367,2 Seasons
4368,2 Seasons
4371,1 Season
4372,1 Season
4376,1 Season
4379,1 Season
4380,1 Season
4381,1 Season
4384,2 Seasons
4387,1 Season
4389,1 Season
4399,1 Season
4400,1 Season
4403,1 Season
4405,1 Season
4406,1 Season
4407,2 Seasons
4408,1 Season
4409,1 Season
4410,1 Season
4413,7 Seasons
4415,1 Season
4430,2 Seasons
4436,3 Seasons
4461,1 Season
4469,2 Seasons
4476,1 Season
4478,1 Season
4479,2 Seasons
4483,1 Season
4485,3 Seasons
4487,1 Season
4488,1 Season
4489,1 Season
4494,2 Seasons
4495,3 Seasons
4498,4 Seasons
4501,1 Season
4503,2 Seasons
4504,5 Seasons
4508,1 Season
4511,2 Seasons
4514,1 Season
4517,1 Season
4518,1 Season
4520,1 Season
4521,1 Season
4523,1 Season
4527,4 Seasons
4529,1 Season
4530,1 Season
4531,1 Season
4535,1 Season
4536,1 Season
4542,1 Season
4549,1 Season
4550,1 Season
4551,4 Seasons
4553,1 Season
4570,1 Season
4604,1 Season
4608,1 Season
4621,1 Season
4622,2 Seasons
4623,3 Seasons
4627,1 Season
4628,1 Season
4629,1 Season
4632,1 Season
4633,1 Season
4634,1 Season
4635,1 Season
4636,2 Seasons
4637,1 Season
4638,2 Seasons
4639,1 Season
4640,1 Season
4643,1 Season
4645,1 Season
4647,1 Season
4648,1 Season
4650,2 Seasons
4651,1 Season
4652,1 Season
4654,1 Season
4655,2 Seasons
4658,2 Seasons
4662,1 Season
4663,3 Seasons
4664,1 Season
4670,1 Season
4672,1 Season
4673,1 Season
4674,2 Seasons
4676,3 Seasons
4677,3 Seasons
4678,1 Season
4682,1 Season
4685,1 Season
4687,1 Season
4689,1 Season
4696,1 Season
4702,1 Season
4703,1 Season
4704,1 Season
4709,5 Seasons
4710,1 Season
4711,1 Season
4716,1 Season
4717,3 Seasons
4738,1 Season
4741,1 Season
4742,1 Season
4743,2 Seasons
4744,2 Seasons
4747,6 Seasons
4750,3 Seasons
4752,1 Season
4754,1 Season
4758,1 Season
4759,1 Season
4762,4 Seasons
4763,1 Season
4764,2 Seasons
4767,1 Season
4771,2 Seasons
4772,1 Season
4776,2 Seasons
4777,2 Seasons
4778,2 Seasons
4779,1 Season
4780,2 Seasons
4798,15 Seasons
4804,1 Season
4807,1 Season
4809,1 Season
4813,1 Season
4815,1 Season
4818,1 Season
4821,2 Seasons
4824,1 Season
4831,1 Season
4832,1 Season
4836,1 Season
4837,4 Seasons
4838,2 Seasons
4841,1 Season
4844,4 Seasons
4845,5 Seasons
4846,1 Season
4848,1 Season
4852,3 Seasons
4853,1 Season
4856,1 Season
4857,4 Seasons
4862,1 Season
4865,3 Seasons
4867,1 Season
4869,1 Season
4874,1 Season
4879,2 Seasons
4898,1 Season
4900,1 Season
4903,1 Season
4906,1 Season
4908,2 Seasons
4910,1 Season
4913,1 Season
4914,1 Season
4924,1 Season
4925,1 Season
4926,1 Season
4930,2 Seasons
4933,1 Season
4941,1 Season
4942,3 Seasons
4946,7 Seasons
4949,1 Season
4951,1 Season
4957,2 Seasons
4961,1 Season
4964,12 Seasons
4967,1 Season
4968,1 Season
4973,1 Season
4976,2 Seasons
4978,1 Season
4980,1 Season
4984,1 Season
4985,1 Season
4988,1 Season
4991,1 Season
4992,1 Season
4994,1 Season
4997,1 Season
5000,1 Season
5004,1 Season
5026,1 Season
5027,2 Seasons
5029,1 Season
5030,1 Season
5032,2 Seasons
5035,6 Seasons
5036,1 Season
5038,1 Season
5046,1 Season
5048,1 Season
5054,8 Seasons
5057,1 Season
5063,6 Seasons
5065,1 Season
5069,2 Seasons
5070,1 Season
5075,1 Season
5077,1 Season
5082,2 Seasons
5089,1 Season
5090,5 Seasons
5092,1 Season
5095,1 Season
5096,5 Seasons
5097,3 Seasons
5098,1 Season
5099,1 Season
5100,1 Season
5103,1 Season
5105,1 Season
5109,1 Season
5111,1 Season
5112,1 Season
5118,1 Season
5119,2 Seasons
5120,1 Season
5125,1 Season
5126,4 Seasons
5128,1 Season
5138,5 Seasons
5139,1 Season
5141,1 Season
5144,1 Season
5145,1 Season
5147,4 Seasons
5149,4 Seasons
5150,3 Seasons
5154,1 Season
5155,1 Season
5156,1 Season
5157,1 Season
5159,1 Season
5165,6 Seasons
5166,3 Seasons
5168,1 Season
5169,1 Season
5170,1 Season
5173,1 Season
5174,2 Seasons
5175,2 Seasons
5178,2 Seasons
5180,6 Seasons
5184,1 Season
5185,1 Season
5191,1 Season
5192,1 Season
5193,1 Season
5194,1 Season
5195,1 Season
5200,1 Season
5205,1 Season
5206,3 Seasons
5208,2 Seasons
5210,1 Season
5215,1 Season
5216,1 Season
5219,1 Season
5221,6 Seasons
5231,1 Season
5232,2 Seasons
5236,1 Season
5237,1 Season
5242,1 Season
5243,2 Seasons
5244,4 Seasons
5245,7 Seasons
5246,1 Season
5247,1 Season
5250,1 Season
5251,1 Season
5254,1 Season
5257,1 Season
5258,2 Seasons
5259,1 Season
5262,4 Seasons
5263,3 Seasons
5272,2 Seasons
5274,7 Seasons
5278,1 Season
5280,1 Season
5284,1 Season
5285,4 Seasons
5286,1 Season
5287,8 Seasons
5288,1 Season
5289,1 Season
5297,1 Season
5298,1 Season
5299,1 Season
5301,1 Season
5305,3 Seasons
5320,5 Seasons
5321,1 Season
5324,1 Season
5327,1 Season
5345,1 Season
5347,1 Season
5348,1 Season
5349,1 Season
5350,1 Season
5352,1 Season
5354,1 Season
5355,1 Season
5356,1 Season
5360,1 Season
5362,1 Season
5363,5 Seasons
5365,2 Seasons
5366,1 Season
5367,1 Season
5372,1 Season
5380,4 Seasons
5381,4 Seasons
5382,1 Season
5383,1 Season
5384,1 Season
5386,1 Season
5388,1 Season
5390,1 Season
5392,1 Season
5393,1 Season
5395,3 Seasons
5397,1 Season
5399,1 Season
5401,1 Season
5403,1 Season
5404,1 Season
5405,1 Season
5406,2 Seasons
5407,1 Season
5409,1 Season
5410,1 Season
5412,12 Seasons
5413,1 Season
5414,2 Seasons
5421,5 Seasons
5422,2 Seasons
5425,2 Seasons
5428,2 Seasons
5433,1 Season
5434,1 Season
5435,1 Season
5436,1 Season
5437,1 Season
5438,1 Season
5439,1 Season
5444,1 Season
5445,2 Seasons
5457,1 Season
5458,1 Season
5459,3 Seasons
5464,1 Season
5465,1 Season
5470,3 Seasons
5477,1 Season
5479,1 Season
5488,1 Season
5494,3 Seasons
5509,1 Season
5510,1 Season
5513,1 Season
5514,2 Seasons
5519,1 Season
5520,1 Season
5521,1 Season
5523,4 Seasons
5537,1 Season
5538,2 Seasons
5542,1 Season
5554,1 Season
5555,2 Seasons
5558,2 Seasons
5562,1 Season
5563,1 Season
5566,1 Season
5567,3 Seasons
5569,1 Season
5575,1 Season
5578,1 Season
5580,1 Season
5583,1 Season
5585,1 Season
5591,1 Season
5592,1 Season
5593,3 Seasons
5598,1 Season
5601,1 Season
5603,1 Season
5608,1 Season
5609,1 Season
5640,1 Season
5650,7 Seasons
5653,1 Season
5654,2 Seasons
5655,1 Season
5658,2 Seasons
5662,1 Season
5665,1 Season
5667,1 Season
5668,1 Season
5669,1 Season
5670,1 Season
5671,1 Season
5672,2 Seasons
5673,1 Season
5674,5 Seasons
5675,1 Season
5677,1 Season
5680,1 Season
5683,1 Season
5684,1 Season
5686,1 Season
5690,3 Seasons
5692,2 Seasons
5699,1 Season
5700,1 Season
5703,1 Season
5707,1 Season
5715,1 Season
5716,1 Season
5720,1 Season
5722,1 Season
5723,2 Seasons
5727,1 Season
5728,1 Season
5729,1 Season
5730,1 Season
5731,1 Season
5732,1 Season
5741,1 Season
5744,1 Season
5751,1 Season
5752,1 Season
5753,2 Seasons
5759,1 Season
5762,1 Season
5763,1 Season
5766,1 Season
5768,1 Season
5769,1 Season
5771,1 Season
5774,1 Season
5777,1 Season
5781,1 Season
5785,4 Seasons
5799,1 Season
5800,1 Season
5801,1 Season
5802,1 Season
5803,9 Seasons
5805,1 Season
5806,1 Season
5807,2 Seasons
5811,1 Season
5812,3 Seasons
5822,1 Season
5823,1 Season
5825,1 Season
5827,2 Seasons
5829,3 Seasons
5834,2 Seasons
5836,2 Seasons
5838,1 Season
5843,1 Season
5844,1 Season
5845,1 Season
5853,1 Season
5855,2 Seasons
5856,2 Seasons
5862,1 Season
5863,1 Season
5866,1 Season
5867,2 Seasons
5869,3 Seasons
5870,1 Season
5871,1 Season
5877,1 Season
5882,1 Season
5885,1 Season
5888,3 Seasons
5895,1 Season
5900,1 Season
5902,2 Seasons
5908,10 Seasons
5914,1 Season
5922,3 Seasons
5923,5 Seasons
5933,3 Seasons
5939,4 Seasons
5940,5 Seasons
5964,1 Season
5974,1 Season
5978,1 Season
5984,1 Season
5986,1 Season
6001,1 Season
6024,1 Season
6026,1 Season
6037,1 Season
6044,1 Season
6066,2 Seasons
6067,1 Season
6079,2 Seasons
6089,1 Season
6094,1 Season
6100,1 Season
6101,2 Seasons
6102,1 Season
6105,1 Season
6126,5 Seasons
6132,1 Season
6137,3 Seasons
6139,1 Season
6146,1 Season
6156,1 Season
6161,1 Season
6166,1 Season
6167,1 Season
6174,5 Seasons
6177,2 Seasons
6194,1 Season
6198,1 Season
6213,3 Seasons
6216,1 Season
6219,1 Season
6228,1 Season
6249,1 Season
6250,5 Seasons
6252,1 Season
6253,1 Season
6258,1 Season
6262,1 Season
6263,1 Season
6264,4 Seasons
6265,2 Seasons
6275,1 Season
6276,1 Season
6279,4 Seasons
6281,1 Season
6291,1 Season
6294,1 Season
6295,1 Season
6301,2 Seasons
6304,3 Seasons
6318,3 Seasons
6319,1 Season
6323,1 Season
6335,1 Season
6341,1 Season
6347,1 Season
6357,1 Season
6360,1 Season
6361,2 Seasons
6364,1 Season
6368,3 Seasons
6371,1 Season
6373,2 Seasons
6378,1 Season
6381,1 Season
6385,1 Season
6389,1 Season
6393,2 Seasons
6398,1 Season
6401,1 Season
6404,1 Season
6407,1 Season
6408,1 Season
6411,1 Season
6413,1 Season
6416,1 Season
6420,1 Season
6426,1 Season
6430,1 Season
6451,2 Seasons
6455,1 Season
6456,11 Seasons
6457,2 Seasons
6459,1 Season
6460,2 Seasons
6469,1 Season
6477,1 Season
6483,1 Season
6487,1 Season
6490,1 Season
6495,1 Season
6498,1 Season
6504,9 Seasons
6505,7 Seasons
6506,8 Seasons
6507,1 Season
6508,1 Season
6509,1 Season
6513,1 Season
6514,1 Season
6519,5 Seasons
6520,1 Season
6524,1 Season
6532,1 Season
6538,1 Season
6542,1 Season
6549,10 Seasons
6556,1 Season
6559,1 Season
6560,2 Seasons
6568,1 Season
6571,1 Season
6572,2 Seasons
6586,3 Seasons
6587,1 Season
6601,1 Season
6603,8 Seasons
6611,1 Season
6613,1 Season
6618,1 Season
6635,1 Season
6646,1 Season
6651,1 Season
6652,1 Season
6658,1 Season
6659,1 Season
6660,1 Season
6663,1 Season
6671,3 Seasons
6672,1 Season
6673,1 Season
6674,1 Season
6676,1 Season
6678,2 Seasons
6690,1 Season
6693,1 Season
6695,1 Season
6697,1 Season
6709,1 Season
6714,1 Season
6717,1 Season
6718,1 Season
6724,2 Seasons
6728,1 Season
6731,1 Season
6732,1 Season
6741,1 Season
6742,6 Seasons
6744,1 Season
6750,2 Seasons
6763,2 Seasons
6766,3 Seasons
6770,1 Season
6773,1 Season
6774,1 Season
6782,1 Season
6785,1 Season
6788,1 Season
6791,1 Season
6795,11 Seasons
6803,4 Seasons
6806,10 Seasons
6810,1 Season
6820,1 Season
6822,2 Seasons
6824,1 Season
6825,1 Season
6827,1 Season
6834,1 Season
6835,1 Season
6836,1 Season
6838,1 Season
6841,1 Season
6849,1 Season
6857,1 Season
6868,2 Seasons
6871,2 Seasons
6873,1 Season
6885,6 Seasons
6889,2 Seasons
6890,3 Seasons
6894,2 Seasons
6895,1 Season
6901,2 Seasons
6906,2 Seasons
6917,3 Seasons
6919,1 Season
6922,2 Seasons
6923,1 Season
6930,1 Season
6932,1 Season
6935,4 Seasons
6937,1 Season
6941,5 Seasons
6951,2 Seasons
6953,1 Season
6955,5 Seasons
6963,2 Seasons
6965,1 Season
6969,3 Seasons
6970,5 Seasons
6971,3 Seasons
6974,1 Season
6976,1 Season
6981,1 Season
6996,3 Seasons
6998,1 Season
7006,1 Season
7017,1 Season
7024,1 Season
7028,1 Season
7029,2 Seasons
7033,2 Seasons
7039,1 Season
7050,2 Seasons
7054,1 Season
7059,1 Season
7069,1 Season
7080,1 Season
7081,1 Season
7082,1 Season
7083,1 Season
7085,2 Seasons
7098,2 Seasons
7100,1 Season
7101,1 Season
7112,1 Season
7120,1 Season
7123,2 Seasons
7125,2 Seasons
7129,1 Season
7131,1 Season
7140,1 Season
7142,1 Season
7143,1 Season
7148,2 Seasons
7155,1 Season
7157,1 Season
7175,1 Season
7176,1 Season
7177,1 Season
7182,1 Season
7184,1 Season
7185,1 Season
7187,1 Season
7196,2 Seasons
7209,1 Season
7214,1 Season
7215,1 Season
7217,2 Seasons
7222,1 Season
7235,1 Season
7245,1 Season
7254,3 Seasons
7255,1 Season
7256,1 Season
7257,1 Season
7258,1 Season
7264,1 Season
7266,3 Seasons
7268,1 Season
7279,1 Season
7285,1 Season
7287,3 Seasons
7288,1 Season
7291,1 Season
7295,3 Seasons
7297,1 Season
7300,1 Season
7301,1 Season
7307,2 Seasons
7312,1 Season
7321,4 Seasons
7324,1 Season
7325,1 Season
7331,2 Seasons
7333,1 Season
7338,1 Season
7340,1 Season
7342,5 Seasons
7343,1 Season
7348,1 Season
7349,1 Season
7353,1 Season
7359,1 Season
7368,7 Seasons
7375,1 Season
7376,1 Season
7381,1 Season
7382,1 Season
7383,1 Season
7385,1 Season
7392,1 Season
7404,1 Season
7406,4 Seasons
7408,1 Season
7409,2 Seasons
7418,1 Season
7435,1 Season
7436,1 Season
7438,1 Season
7446,1 Season
7447,1 Season
7449,1 Season
7453,1 Season
7455,1 Season
7457,2 Seasons
7459,1 Season
7463,1 Season
7468,1 Season
7480,1 Season
7483,1 Season
7485,1 Season
7502,2 Seasons
7504,1 Season
7505,1 Season
7521,2 Seasons
7528,3 Seasons
7529,2 Seasons
7538,1 Season
7540,1 Season
7547,1 Season
7551,1 Season
7568,1 Season
7569,1 Season
7571,1 Season
7572,1 Season
7573,1 Season
7574,3 Seasons
7576,3 Seasons
7586,2 Seasons
7588,1 Season
7589,1 Season
7593,1 Season
7597,1 Season
7623,1 Season
7624,1 Season
7627,1 Season
7628,7 Seasons
7629,1 Season
7632,1 Season
7640,1 Season
7646,2 Seasons
7648,1 Season
7649,1 Season
7666,1 Season
7671,1 Season
7674,1 Season
7675,1 Season
7679,3 Seasons
7689,1 Season
7693,1 Season
7698,1 Season
7705,2 Seasons
7709,7 Seasons
7710,1 Season
7718,1 Season
7721,5 Seasons
7725,3 Seasons
7729,5 Seasons
7743,1 Season
7747,1 Season
7748,1 Season
7756,8 Seasons
7759,1 Season
7760,1 Season
7761,1 Season
7762,1 Season
7763,1 Season
7764,1 Season
7765,1 Season
7766,1 Season
7767,1 Season
7768,1 Season
7769,1 Season
7770,1 Season
7771,1 Season
7772,1 Season
7773,1 Season
7777,1 Season
7779,1 Season
7782,1 Season
7783,1 Season
7784,1 Season
7785,1 Season
7786,1 Season
7795,1 Season
7798,1 Season
7800,2 Seasons
7806,3 Seasons
7808,1 Season
7810,1 Season
7812,1 Season
7813,1 Season
7815,1 Season
7828,1 Season
7835,1 Season
7838,1 Season
7840,1 Season
7842,4 Seasons
7847,13 Seasons
7850,2 Seasons
7856,6 Seasons
7862,1 Season
7864,1 Season
7867,4 Seasons
7870,5 Seasons
7872,1 Season
7878,1 Season
7892,3 Seasons
7896,8 Seasons
7897,1 Season
7906,3 Seasons
7908,1 Season
7918,1 Season
7942,1 Season
7948,1 Season
7953,7 Seasons
7968,1 Season
7982,1 Season
7984,1 Season
7991,1 Season
7993,1 Season
8002,4 Seasons
8015,1 Season
8020,2 Seasons
8021,1 Season
8022,3 Seasons
8030,3 Seasons
8031,1 Season
8040,1 Season
8058,1 Season
8062,1 Season
8064,4 Seasons
8070,2 Seasons
8083,1 Season
8085,1 Season
8093,1 Season
8094,1 Season
8097,1 Season
8102,1 Season
8107,1 Season
8109,1 Season
8117,1 Season
8121,1 Season
8125,3 Seasons
8129,1 Season
8132,1 Season
8137,1 Season
8143,1 Season
8147,2 Seasons
8148,1 Season
8165,1 Season
8172,1 Season
8173,1 Season
8174,8 Seasons
8175,1 Season
8180,2 Seasons
8182,2 Seasons
8189,8 Seasons
8193,2 Seasons
8199,1 Season
8206,1 Season
8207,1 Season
8208,1 Season
8209,1 Season
8214,1 Season
8216,1 Season
8235,1 Season
8243,1 Season
8250,1 Season
8257,2 Seasons
8262,1 Season
8271,2 Seasons
8277,1 Season
8282,1 Season
8287,1 Season
8293,1 Season
8302,1 Season
8311,5 Seasons
8315,2 Seasons
8316,1 Season
8321,1 Season
8331,4 Seasons
8334,1 Season
8336,1 Season
8347,1 Season
8349,3 Seasons
8353,1 Season
8357,3 Seasons
8366,2 Seasons
8368,1 Season
8371,1 Season
8373,1 Season
8376,1 Season
8378,6 Seasons
8379,1 Season
8392,1 Season
8397,1 Season
8411,1 Season
8421,1 Season
8422,5 Seasons
8423,2 Seasons
8424,3 Seasons
8428,1 Season
8429,1 Season
8431,1 Season
8437,1 Season
8439,1 Season
8442,9 Seasons
8471,1 Season
8474,1 Season
8476,1 Season
8482,1 Season
8490,1 Season
8503,1 Season
8510,3 Seasons
8518,2 Seasons
8519,1 Season
8523,1 Season
8533,1 Season
8539,4 Seasons
8541,4 Seasons
8544,1 Season
8545,1 Season
8549,1 Season
8551,1 Season
8557,7 Seasons
8560,1 Season
8567,1 Season
8574,1 Season
8575,1 Season
8588,1 Season
8592,1 Season
8593,1 Season
8596,1 Season
8599,3 Seasons
8600,2 Seasons
8604,1 Season
8605,3 Seasons
8609,1 Season
8633,1 Season
8644,2 Seasons
8646,2 Seasons
8653,4 Seasons
8669,2 Seasons
8679,2 Seasons
8684,3 Seasons
8690,2 Seasons
8700,1 Season
8710,8 Seasons
8712,2 Seasons
8720,1 Season
8721,1 Season
8726,5 Seasons
8736,1 Season
8740,1 Season
8741,1 Season
8747,1 Season
8749,1 Season
8755,3 Seasons
8758,1 Season
8775,1 Season
8780,1 Season
8783,1 Season
8785,1 Season
8795,2 Seasons
8796,2 Seasons
8797,3 Seasons
8800,1 Season
8803,2 Seasons
